secret_column,known_columns,num_known_columns,base_recall,attack_recall,base_prec_ci,attack_prec_ci,alc,base_prec_measured,attack_prec_measured,alc_measured,base_count,attack_count,base_ci,base_ci_low,base_ci_high,base_n,attack_ci,attack_ci_low,attack_ci_high,attack_n
t1,"[""f1"", ""i2""]",2,0.803921568627451,0.803921568627451,0.31044327674555283,0.9571662149077839,0.9378504454342014,0.2926829268292683,1.0,0.9999670503743017,51,51,0.26870280096883725,0.17609187626113423,0.4447946772299715,41,0.08566757018443183,0.914332429815568,0.9999999999999998,41
t1,"[""f1"", ""i2""]",2,0.9019607843137255,0.9019607843137255,0.2993638180620827,0.9213359820696264,0.8877104190770522,0.2826086956521739,0.9565217391304348,0.9393790038125288,51,51,0.25224358848675266,0.17324202381870632,0.425485612305459,46,0.1333171446636341,0.8546774097378094,0.9879945544014435,46
t1,"[""f1"", ""i2""]",2,0.9803921568627451,0.9803921568627451,0.33284256784400457,0.927180104398655,0.8908371408057447,0.32,0.96,0.9411626162052306,51,51,0.25052081047487224,0.20758216260656848,0.4581029730814407,50,0.1235620225474503,0.8653990931249298,0.9889611156723801,50
t1,"[""f1"", ""i2""]",2,1.0,1.0,0.3450077699830886,0.9102735500447654,0.8629982527648528,0.3333333333333333,0.9411764705882353,0.9117510296169086,51,51,0.2506169028944068,0.21969931853588515,0.47031622143029195,51,0.13903962106553946,0.8407537395119957,0.9797933605775352,51
t1,"[""i1""]",1,1.0,0.19607843137254902,0.9649766900507344,0.7889868800548443,-5.148156506830116,1.0,0.9,-10498.162569811111,51,51,0.07004661989853167,0.9299533801014686,1.0000000000000002,51,0.38627381370016545,0.5958499732047616,0.9821237869049271,10
t1,"[""i1""]",1,1.0,0.35294117647058826,0.9649766900507344,0.7289224378759285,-6.768075635447262,1.0,0.7777777777777778,-22334.66941306976,51,51,0.07004661989853167,0.9299533801014686,1.0000000000000002,51,0.36213656207610934,0.5478541568378738,0.9099907189139831,18
t1,"[""i1""]",1,1.0,0.7647058823529411,0.9649766900507344,0.7684315687785366,-5.610777541354051,1.0,0.7948717948717948,-20514.78458362363,51,51,0.07004661989853167,0.9299533801014686,1.0000000000000002,51,0.24754249782871907,0.644660319864177,0.8922028176928961,39
t1,"[""i1""]",1,1.0,1.0,0.9649766900507344,0.8008672700328281,-4.684382385094793,1.0,0.8235294117647058,-17647.058823413805,51,51,0.07004661989853167,0.9299533801014686,1.0000000000000002,51,0.20681739055181747,0.6974585747569193,0.9042759653087368,51
