secret_column,base_recall,attack_recall,base_prec_ci,attack_prec_ci,alc,base_prec_measured,attack_prec_measured,alc_measured,base_count,attack_count,base_ci,base_ci_low,base_ci_high,base_n,attack_ci,attack_ci_low,attack_ci_high,attack_n
t1,0.5,0.4019607843137255,0.9649766900507344,0.9571662149077839,-0.23491899242137015,1.0,1.0,-1.2440860722384957,102,102,0.07004661989853167,0.9299533801014686,1.0000000000000002,51,0.08566757018443183,0.914332429815568,0.9999999999999998,41
t1,0.5,0.5,0.9649766900507344,0.9467423100487447,-0.5142278124010956,1.0,0.9803921568627451,-44.92870871742712,102,102,0.07004661989853167,0.9299533801014686,1.0000000000000002,51,0.09957599462038891,0.8969543127385502,0.9965303073589391,51
t1,0.5686274509803921,0.5784313725490197,0.9042595449193092,0.9057830686706254,0.016064751104080843,0.9310344827586207,0.9322033898305084,0.017163679357991922,102,102,0.13719241612622513,0.8356633368561965,0.9728557529824217,58,0.13507662471614068,0.838244756312555,0.9733213810286957,59
t1,0.7745098039215687,0.7843137254901961,0.7595318854359578,0.8816727481857891,0.5078743380382269,0.7721518987341772,0.9,0.5610457587841836,102,102,0.18240073539289148,0.668331517739512,0.8507322531324035,79,0.13355927249366006,0.8148931119389591,0.9484523844326191,80
t1,0.9019607843137255,0.9019607843137255,0.677376265023309,0.8860542238742608,0.646792405039501,0.6847826086956522,0.9021739130434783,0.6896302182221963,102,102,0.18661873157136366,0.5840668992376272,0.7706856308089909,92,0.12324403807225504,0.8244322048381333,0.9476762429103883,92
t1,0.9509803921568627,0.9509803921568627,0.653706622070596,0.871870859848216,0.6299798075927993,0.6597938144329897,0.8865979381443299,0.6666467528389719,102,102,0.18534151025142165,0.5610358669448852,0.7463773771963068,97,0.12723111824485533,0.8082553007257883,0.9354864189706437,97
t1,0.9901960784313726,0.9901960784313726,0.6573804884594294,0.8767593511604523,0.6402801116894699,0.6633663366336634,0.8910891089108911,0.6764504912169633,102,102,0.1813075386238433,0.5667267191475078,0.7480342577713511,101,0.12265873580992492,0.8154299832554899,0.9380887190654148,101
t1,1.0,1.0,0.6606175896422561,0.8684756468263523,0.61244167765861,0.6666666666666666,0.8823529411764706,0.6470394123470412,102,102,0.18002252487280168,0.5706063272058552,0.7506288520786569,102,0.12585977156750716,0.8055457610425987,0.9314055326101058,102
