base_recall,attack_recall,base_prec,attack_prec,alc,base_prec_as_sampled,attack_prec_as_sampled,alc_as_sampled,alc_low,alc_high,base_si,base_si_low,base_si_high,base_n,attack_si,attack_si_low,attack_si_high,attack_n,secret_column,known_columns,num_known_columns,base_count,attack_count
0.7868852459016393,0.8032786885245902,0.326393774312397,0.9636510903897517,0.946005512007636,0.3125,1.0,0.9999658870985678,0.8669800856574253,0.9999707039497774,0.25387387969303776,0.19945683446587817,0.4533307141589159,48,0.07269781922049645,0.9273021807795035,1.0,49,t1,"[""f1"", ""i2""]",2,61,61
0.9016393442622951,0.9016393442622951,0.28756475025388323,0.9673575494414569,0.9541665746506616,0.2727272727272727,1.0,0.9999842967455715,0.8907520904375225,0.9999861935757325,0.2295144617256498,0.17280751939105835,0.40232198111670814,55,0.06528490111708662,0.9347150988829136,1.0000000000000002,55,t1,"[""f1"", ""i2""]",2,61,61
1.0,1.0,0.29179987240368066,0.9703780660509436,0.9581594038345259,0.2786885245901639,1.0,0.999986136555834,0.9009622357629791,0.9999877769223956,0.21982886695604192,0.18188543892565973,0.40171430588170165,61,0.059243867898112756,0.9407561321018872,1.0,61,t1,"[""f1"", ""i2""]",2,61,61
1.0,0.34285714285714286,0.950549503837798,0.8787529966723795,-1.4794843234731503,1.0,1.0,-156.98626838010338,-24368.31870453598,0.9840274306557373,0.09890099232440408,0.9010990076755959,1.0,35,0.2424940066552409,0.7575059933447591,1.0,12,t1,"[""i1""]",1,35,35
1.0,0.4857142857142857,0.950549503837798,0.9078409324955743,-0.872335186036302,1.0,1.0,-48.19784647436886,-18471.127610065192,0.9950260486404472,0.09890099232440408,0.9010990076755959,1.0,35,0.18431813500885197,0.8156818649911483,1.0000000000000002,17,t1,"[""i1""]",1,35,35
1.0,0.7428571428571429,0.950549503837798,0.9356355390703923,-0.30216876482954796,1.0,1.0,-3.3615937477639735,-12875.821045246086,0.9995590385208666,0.09890099232440408,0.9010990076755959,1.0,35,0.12872892185921536,0.8712710781407846,1.0,26,t1,"[""i1""]",1,35,35
1.0,1.0,0.950549503837798,0.950549503837798,0.0,1.0,1.0,0.0,-9890.099232375616,0.999898899002375,0.09890099232440408,0.9010990076755959,1.0,35,0.09890099232440408,0.9010990076755959,1.0,35,t1,"[""i1""]",1,35,35
