secret_column,known_columns,num_known_columns,base_prec,base_recall,attack_prec,attack_recall,alc,base_count,attack_count,base_ci,base_ci_low,base_ci_high,base_n,attack_ci,attack_ci_low,attack_ci_high,attack_n
t1,"[""f1"", ""i2""]",2,0.2926829268292683,0.803921568627451,1.0,0.803921568627451,0.8536373558892449,51,51,0.26870280096883725,0.17609187626113423,0.4447946772299715,41,0.08566757018443183,0.914332429815568,0.9999999999999998,41
t1,"[""f1"", ""i2""]",2,0.2826086956521739,0.9019607843137255,0.9565217391304348,0.9019607843137255,0.8066455498543061,51,51,0.25224358848675266,0.17324202381870632,0.425485612305459,46,0.1333171446636341,0.8546774097378094,0.9879945544014435,46
t1,"[""f1"", ""i2""]",2,0.32,0.9803921568627451,0.96,0.9803921568627451,0.7905813049221446,51,51,0.25052081047487224,0.20758216260656848,0.4581029730814407,50,0.1235620225474503,0.8653990931249298,0.9889611156723801,50
t1,"[""f1"", ""i2""]",2,0.3333333333333333,1.0,0.9411764705882353,1.0,0.7597970834359054,51,51,0.2506169028944068,0.21969931853588515,0.47031622143029195,51,0.13903962106553946,0.8407537395119957,0.9797933605775352,51
t1,"[""i1""]",1,1.0,0.21739130434782608,0.9428571428571428,0.21739130434782608,-6.2674220008407335,161,161,0.09890099232440408,0.9010990076755959,1.0,35,0.1702574123445405,0.8139294257983507,0.9841868381428912,35
t1,"[""i1""]",1,1.0,0.42857142857142855,0.8985507246376812,0.42857142857142855,-64.32783684578501,161,161,0.05273725818905173,0.9472627418109483,1.0,69,0.14490221944101989,0.8050811424505202,0.9499833618915401,69
t1,"[""i1""]",1,1.0,0.7267080745341615,0.8888888888888888,0.7267080745341615,-1075.8845985609992,161,161,0.031789245662733334,0.9682107543372667,1.0,117,0.11476078781739185,0.8191460105557966,0.9339067983731885,117
t1,"[""i1""]",1,1.0,1.0,0.8881987577639752,1.0,-5590.1180123857375,161,161,0.02330396035182314,0.9766960396481769,1.0,161,0.09789716749368838,0.8302036055575723,0.9281007730512607,161
