secret_column,base_prec,base_recall,attack_prec,attack_recall,alc,base_count,attack_count,base_ci,base_ci_low,base_ci_high,base_n,attack_ci,attack_ci_low,attack_ci_high,attack_n
t1,1.0,0.19339622641509435,1.0,0.19339622641509435,0.0,212,212,0.08566757018443183,0.914332429815568,0.9999999999999998,41,0.08566757018443183,0.914332429815568,0.9999999999999998,41
t1,1.0,0.3584905660377358,0.9736842105263158,0.3584905660377358,-9.45431079772701,212,212,0.04811358506513741,0.9518864149348628,1.0000000000000002,76,0.0837195519114522,0.9090337890134195,0.9927533409248717,76
t1,1.0,0.5188679245283019,0.9363636363636364,0.5188679245283019,-85.6512996233779,212,212,0.03374393529816433,0.9662560647018357,1.0,110,0.09439294386762442,0.874442538117898,0.9688354819855224,110
t1,1.0,0.7452830188679245,0.9177215189873418,0.7452830188679245,-967.4928773987154,212,212,0.023735937927685913,0.9762640620723141,1.0,158,0.08696155594890109,0.8643257289671491,0.9512872849160502,158
t1,0.8564356435643564,0.9528301886792453,0.9108910891089109,0.9528301886792453,0.216869490999725,212,212,0.09672301455741927,0.8014222554895006,0.8981452700469199,202,0.07933687950432178,0.863554508994526,0.9428913884988478,202
t1,0.8405797101449275,0.9764150943396226,0.9033816425120773,0.9764150943396226,0.22835828651189358,212,212,0.09959996888225764,0.784574480592123,0.8841744494743806,207,0.08109958235685466,0.8554823766269135,0.9365819589837682,207
t1,0.8388625592417062,0.9952830188679245,0.9052132701421801,0.9952830188679245,0.23904493219035203,212,212,0.09906863845231595,0.7832692299234204,0.8823378683757364,211,0.07966621532327689,0.8581347727899553,0.9378009881132322,211
t1,0.839622641509434,1.0,0.9009433962264151,1.0,0.22182492827472727,212,212,0.0986528601719664,0.7842517452719425,0.8829046054439089,212,0.08097544284434166,0.8533198467087136,0.9342952895530553,212
