base_recall,attack_recall,base_prec,attack_prec,alc,base_prec_as_sampled,attack_prec_as_sampled,alc_as_sampled,alc_low,alc_high,base_si,base_si_low,base_si_high,base_n,attack_si,attack_si_low,attack_si_high,attack_n,secret_column,base_count,attack_count
0.5208333333333334,0.5104166666666666,0.7785957202599925,0.9636510903897517,0.8343004765445147,0.8,1.0,0.9980063456442786,0.35201311922446976,0.9987922125140494,0.21793355916449308,0.6696289406777459,0.887562499842239,50,0.07269781922049645,0.9273021807795035,1.0,49,t1,96,96
0.6354166666666666,0.6354166666666666,0.661933432574915,0.9703780660509436,0.9120293928258075,0.6721311475409836,1.0,0.9996055837802289,0.7343248371386073,0.9997143639012853,0.22943073887909726,0.5472180631353664,0.7766488020144636,61,0.059243867898112756,0.9407561321018872,1.0,61,t1,96,96
0.6875,0.6875,0.6574995738310764,0.9724987214932291,0.919496780658781,0.6666666666666666,1.0,0.9997680516117804,0.7622193722159398,0.9998294780650843,0.2218722699078004,0.5465634388771762,0.7684357087849766,66,0.05500255701354129,0.9449974429864585,0.9999999999999998,66,t1,96,96
0.7708333333333334,0.78125,0.6284662460275153,0.9756380787585971,0.9343555771659042,0.6351351351351351,1.0,0.9999198271611902,0.8156206473887783,0.999938888696306,0.21429622208771515,0.5213181349836578,0.7356143570713729,74,0.04872384248280581,0.9512761575171942,1.0,75,t1,96,96
0.8645833333333334,0.875,0.5978795164824485,0.9781341357926698,0.9455929914188503,0.6024096385542169,1.0,0.9999671849459046,0.853746779745785,0.9999741720201406,0.20606233282676678,0.49484835006906513,0.7009106828958319,83,0.043731728414659776,0.95626827158534,0.9999999999999998,84,t1,96,96
0.9375,0.9375,0.5532813541353152,0.9795321872178367,0.9541597762754559,0.5555555555555556,1.0,0.9999767264061449,0.881716104043291,0.9999810995270674,0.20112417915143704,0.4527192645595967,0.6538434437110338,90,0.04093562556432695,0.9590643744356733,1.0000000000000002,90,t1,96,96
1.0,1.0,0.5400635171725969,0.9807622060711623,0.9581521010650698,0.5416666666666666,1.0,0.9999781822942043,0.8937444842902574,0.9999820690350663,0.195495975990638,0.44231552917727796,0.637811505167916,96,0.038475587857675575,0.9615244121423244,1.0,96,t1,96,96
